customerID,Churn_Probability,Churn_Predicted
3668-QPYBK,0.990609002640266,Yes
9237-HQITU,0.9999742081024189,Yes
9305-CDSKC,0.7926346453192766,Yes
0280-XJGEX,0.9996022127618687,Yes
4190-MFLUW,0.9973773107721936,Yes
8779-QRDMV,0.7409773286198008,Yes
1066-JKSGK,0.9985242179254351,Yes
6467-CHFZW,0.9994043304915261,Yes
8665-UTDHZ,0.9994240904786169,Yes
8773-HHUOZ,0.999387967009096,Yes
6047-YHPVI,0.9998135536235534,Yes
5380-WJKOV,0.9999670259550392,Yes
8168-UQWWF,0.7599677456252272,Yes
7760-OYPDY,0.9998389979146715,Yes
9420-LOJKX,0.994843914976466,Yes
7495-OOKFY,0.5132338577883049,Yes
1658-BYGOY,0.9999880669479055,Yes
5698-BQJOH,0.6691980605099872,Yes
5919-TMRGD,0.9998616723765766,Yes
9191-MYQKX,0.9997082464283749,Yes
4445-ZJNMU,0.6093944266216244,Yes
8637-XJIVR,0.9978970898336031,Yes
4598-XLKNJ,0.9999651340183093,Yes
3192-NQECA,0.9995726222550831,Yes
0486-HECZI,0.9836803354755624,Yes
4846-WHAFZ,0.9999472319662739,Yes
5299-RULOA,0.9996829583918259,Yes
0404-SWRVG,0.9998997461453853,Yes
4412-YLTKF,0.9998828841359265,Yes
6207-WIOLX,0.9887467050299812,Yes
3091-FYHKI,0.5996411488516799,Yes
0390-DCFDQ,0.9999632239046672,Yes
4080-OGPJL,0.9914152794484996,Yes
2135-RXIHG,0.9996265984457076,Yes
3874-EQOEP,0.9998195199622023,Yes
9167-APMXZ,0.5779972395015355,Yes
0867-MKZVY,0.9931025669681526,Yes
3376-BMGFE,0.9997670970220037,Yes
3445-HXXGF,0.9987456438643622,Yes
1875-QIVME,0.6597317812509987,Yes
0691-JVSYA,0.9987658769713235,Yes
2656-FMOKZ,0.9999764637051984,Yes
2070-FNEXE,0.999435112969969,Yes
5947-SGKCL,0.6000296970513992,Yes
6317-YPKDH,0.9995120554875121,Yes
9367-WXLCH,0.9999751147184806,Yes
1918-ZBFQJ,0.9997549205931989,Yes
1024-GUALD,0.9996733683081922,Yes
2472-OVKUP,0.9999653566604649,Yes
1285-OKIPP,0.9999708298354446,Yes
7825-ECJRF,0.9951783731066558,Yes
2504-DSHIH,0.5023149806580486,Yes
9408-SSNVZ,0.9999722492500449,Yes
0742-MOABM,0.9996453806961867,Yes
2232-DMLXU,0.9998466186479449,Yes
8937-RDTHP,0.9995804194207045,Yes
0094-OIFMO,0.9998705705246163,Yes
9947-OTFQU,0.9997915425680868,Yes
0322-YINQP,0.9922485996868162,Yes
4629-NRXKX,0.9995990393102825,Yes
9514-JDSKI,0.9999470908908337,Yes
4959-JOSRX,0.99985855430653,Yes
7273-TEFQD,0.9999845389259339,Yes
3606-TWKGI,0.9999317812575254,Yes
4385-GZQXV,0.9997885608551349,Yes
6366-ZGQGL,0.9999384993227928,Yes
5940-AHUHD,0.9999422598113112,Yes
4484-GLZOU,0.9999150528122176,Yes
3488-PGMQJ,0.9999753031562753,Yes
3580-REOAC,0.9998730070968689,Yes
7534-BFESC,0.9999779948882169,Yes
4847-TAJYI,0.7636946670709487,Yes
6390-DSAZX,0.9967510912587093,Yes
8098-LLAZX,0.8456075401664588,Yes
8266-VBFQL,0.5601697332114011,Yes
0265-EDXBD,0.9999581590693426,Yes
7563-BIUPC,0.9999729438598698,Yes
2321-OMBXY,0.8829893528570928,Yes
2840-XANRC,0.999973918886856,Yes
5020-ZSTTY,0.9634150012440091,Yes
5804-LEPIM,0.7053276450796581,Yes
0122-OAHPZ,0.710646751825483,Yes
2868-SNELZ,0.9998145654389298,Yes
6680-NENYN,0.9996215895323168,Yes
1343-EHPYB,0.9998813927781197,Yes
2034-GDRCN,0.6876203691265197,Yes
0219-YTZUE,0.5965730987017197,Yes
0623-IIHUG,0.9957978684020677,Yes
4572-DVCGN,0.5539999112599793,Yes
9057-MSWCO,0.9804183547846459,Yes
1010-DIAUQ,0.5649786429017142,Yes
0259-GBZSH,0.9999114325355616,Yes
6905-NIQIN,0.999044071302461,Yes
5167-ZFFMM,0.6244878833976983,Yes
4895-TMWIR,0.9979328934385722,Yes
0533-BNWKF,0.9993684423429553,Yes
0224-RLWWD,0.5300075909030945,Yes
7989-CHGTL,0.9990176571022592,Yes
0334-GDDSO,0.9999139355318374,Yes
0578-SKVMF,0.9993625459624426,Yes
5564-NEMQO,0.9999839203979238,Yes
5605-IYGFG,0.5154506173118929,Yes
8734-DKSTZ,0.5285083379490128,Yes
7752-XUSCI,0.9999213182445462,Yes
4110-PFEUZ,0.9996411453297361,Yes
0256-LTHVJ,0.9994633332051057,Yes
1452-VOQCH,0.7272332267523717,Yes
0880-TKATG,0.9998648224220918,Yes
3811-VBYBZ,0.9999042835062125,Yes
4640-UHDOS,0.9989843524789387,Yes
3583-EKAPL,0.9997176665705909,Yes
9399-APLBT,0.9996953620202754,Yes
2359-KMGLI,0.999727233818106,Yes
0306-JAELE,0.9997547779555079,Yes
6227-HWPWX,0.9995263908022268,Yes
0447-BEMNG,0.9812786104706768,Yes
5949-XIKAE,0.9996971263014561,Yes
9094-AZPHK,0.6722422847709906,Yes
8372-JUXUI,0.9999057013358771,Yes
0388-EOPEX,0.996452370027574,Yes
6235-VDHOM,0.9999575592555899,Yes
7783-YKGDV,0.998150453876993,Yes
5609-CEBID,0.9999122944354528,Yes
7218-HKQFK,0.999955598164631,Yes
5956-VKDTT,0.9998933964869748,Yes
9412-GHEEC,0.9993554927267589,Yes
0257-ZESQC,0.9930245034458721,Yes
6825-UYPFK,0.9996241563319018,Yes
8397-MVTAZ,0.5274277913069061,Yes
9282-IZGQK,0.7697446970863564,Yes
1342-JPNKI,0.6484897786766204,Yes
6986-IJDHX,0.9985119404552962,Yes
5301-GAUUY,0.9995598472645638,Yes
0939-YAPAF,0.6010868176512058,Yes
4710-FDUIZ,0.9995894654440646,Yes
8270-RKSAP,0.5413546230636808,Yes
1218-VKFPE,0.9969385920874344,Yes
3627-FHKBK,0.9947034023125569,Yes
2865-TCHJW,0.9999509588149361,Yes
5192-EBGOV,0.999941963052743,Yes
0719-SYFRB,0.9913523184131148,Yes
3419-SNJJD,0.9875056847255363,Yes
6543-CPZMK,0.99992070331636,Yes
4765-OXPPD,0.9627049241566888,Yes
4059-IIEBK,0.6216213896372803,Yes
4554-YGZIH,0.9998196928039307,Yes
5099-BAILX,0.9999143269508706,Yes
7207-RMRDB,0.9990820798833017,Yes
4913-EHYUI,0.991999107093412,Yes
0195-IESCP,0.6380358814196543,Yes
4580-TMHJU,0.9995254438635494,Yes
0970-ETWGE,0.9999827802085786,Yes
1626-ERCMM,0.9998759548852744,Yes
5644-PDMZC,0.9999868676859868,Yes
9576-ANLXO,0.999794592944816,Yes
2024-BASKD,0.5820549387133034,Yes
4160-AMJTL,0.9998745551178746,Yes
5650-VDUDS,0.9999462476202144,Yes
2800-VEQXM,0.5558981302128525,Yes
7538-GWHML,0.9999624619596906,Yes
3859-CVCET,0.9990762948848751,Yes
3276-HDUEG,0.9999780206977272,Yes
0823-HSCDJ,0.999893342349162,Yes
0822-GAVAP,0.9998265132142641,Yes
1448-PWKYE,0.9997213676906082,Yes
0067-DKWBL,0.9994769439369285,Yes
2276-YDAVZ,0.5955650266726614,Yes
5896-NPFWW,0.9995486143465876,Yes
1766-GKNMI,0.562902193752192,Yes
7133-VBDCG,0.9987578662023501,Yes
1029-QFBEN,0.9997875889835396,Yes
4952-YSOGZ,0.6612884340598706,Yes
5244-IRFIH,0.5827947209447327,Yes
2684-EIWEO,0.9934586861330738,Yes
6439-GTPCA,0.9992771092685142,Yes
5138-WVKYJ,0.9981349107602966,Yes
6683-VLCTZ,0.805218762667861,Yes
1894-IGFSG,0.9996633431425309,Yes
7379-POKDZ,0.9997338655798432,Yes
0236-HFWSV,0.9998965074998755,Yes
3900-AQPHZ,0.9997727853388674,Yes
5842-POCOP,0.9962372839646113,Yes
2037-XJFUP,0.9999179532574265,Yes
7314-OXENN,0.6647752111675903,Yes
0322-CHQRU,0.9994259285208685,Yes
4678-DVQEO,0.9992724100486965,Yes
0691-IFBQW,0.9962495116345133,Yes
3009-JWMPU,0.9999218431739614,Yes
1450-GALXR,0.9998462767602739,Yes
3138-BKYAV,0.5521913078112413,Yes
4289-DTDKW,0.9995137756537719,Yes
1820-TQVEV,0.9999763362806314,Yes
2239-JALAW,0.9993261789200915,Yes
4853-RULSV,0.9600984433141987,Yes
6275-YDUVO,0.6086061315129458,Yes
3643-AHCFP,0.7391204849291407,Yes
9101-BWFSS,0.9953373067440104,Yes
9231-ZJYAM,0.7259287091637674,Yes
6982-SSHFK,0.9992094133648032,Yes
3027-ZTDHO,0.9998867629033386,Yes
2207-NHRJK,0.999315268478428,Yes
0947-MUGVO,0.9996404232532421,Yes
9944-HKVVB,0.9998468637082771,Yes
4124-MMETB,0.9999654362200815,Yes
5073-WXOYN,0.9997635649804502,Yes
0207-MDKNV,0.9943846319511825,Yes
9851-KIELU,0.9959282824879017,Yes
3908-BLSYF,0.9998220191387219,Yes
2123-AGEEN,0.7527529029630091,Yes
7549-MYGPK,0.9974703513611779,Yes
3804-RVTGV,0.9999068076947791,Yes
9227-LUNBG,0.9999478827540027,Yes
4315-MURBD,0.9950128381732091,Yes
9734-YWGEX,0.9999766511916938,Yes
2719-BDAQO,0.9958081870062181,Yes
0781-LKXBR,0.9999527976790796,Yes
1907-UBQFC,0.9998417988398013,Yes
6513-EECDB,0.9999867257125343,Yes
6103-BOCOU,0.5705060190175903,Yes
7074-IEVOJ,0.9999209374732898,Yes
9625-QSTYE,0.9997323115608197,Yes
4750-ZRXIU,0.9999472844619853,Yes
6630-UJZMY,0.7592537619457432,Yes
6400-BWQKW,0.9983586078766612,Yes
6680-WKXRZ,0.6029339462608926,Yes
7028-DVOIQ,0.9998943519914083,Yes
4208-UFFGW,0.999915052780255,Yes
9889-TMAHG,0.9938367803467016,Yes
3158-MOERK,0.9999890298512375,Yes
7294-TMAOP,0.9999741925755157,Yes
8919-FYFQZ,0.9987894325551725,Yes
2834-JRTUA,0.9795156437037774,Yes
5875-YPQFJ,0.6080125688366981,Yes
5879-SESNB,0.549228114475431,Yes
6646-QVXLR,0.9993531448434267,Yes
8603-IJWDN,0.7568315443854566,Yes
9369-XFEHK,0.9999367398185532,Yes
3842-IYKUE,0.9997539184523005,Yes
6641-XRPSU,0.9998687235077878,Yes
1374-DMZUI,0.9999928293152953,Yes
8357-EQXFO,0.9999827422763186,Yes
1989-PRJHP,0.9997678440585862,Yes
9524-EGPJC,0.9997502674613419,Yes
6993-OHLXR,0.9997578160396884,Yes
8818-XYFCQ,0.9928890081765704,Yes
4695-VADHF,0.9991996998495559,Yes
3863-IUBJR,0.9982414532072921,Yes
4822-RVYBB,0.9999527254497352,Yes
4184-TJFAN,0.9947067693439189,Yes
4145-UQXUQ,0.999932696644398,Yes
9948-YPTDG,0.9849691764558496,Yes
4883-QICIH,0.9998735415513681,Yes
1271-SJBGZ,0.9997818882093261,Yes
5669-SRAIP,0.9999642411377005,Yes
6941-PMGEP,0.6466084420580053,Yes
1624-WOIWJ,0.995535071506999,Yes
2074-GKOWZ,0.9997989440244908,Yes
0376-YMCJC,0.9999505308501622,Yes
0634-SZPQA,0.9995023398403114,Yes
5536-RTPWK,0.9998885624531655,Yes
6166-ILMNY,0.9996882406354002,Yes
3097-NNSPB,0.9992804205151332,Yes
0655-RBDUG,0.9999298304683162,Yes
4361-BKAXE,0.992548836376714,Yes
9878-TNQGW,0.6526553160941351,Yes
4441-NIHPT,0.9998738769789525,Yes
8999-BOHSE,0.9999735990069951,Yes
7029-RPUAV,0.6303181401249167,Yes
8824-RWFXJ,0.9991581949389918,Yes
9763-PDTKK,0.9964840512528154,Yes
8111-SLLHI,0.5227817055398702,Yes
8257-RZAHR,0.9925168106383637,Yes
5293-WXJAK,0.6471230462621415,Yes
0841-NULXI,0.9998159501670575,Yes
7851-WZEKY,0.9999896538368795,Yes
8844-TONUD,0.9996575051613275,Yes
4086-YQSNZ,0.999977192313752,Yes
5868-CZJDR,0.9999336627697066,Yes
0135-NMXAP,0.5928520326710411,Yes
6270-OMFIW,0.9996901606482425,Yes
1641-RQDAY,0.5326953423601444,Yes
0107-WESLM,0.9998984578190848,Yes
3992-YWPKO,0.9997665199886395,Yes
0125-LZQXK,0.9999578272465808,Yes
8399-YNDCH,0.9995988664372926,Yes
5673-FSSMF,0.6155120416193494,Yes
1579-KLYDT,0.9999864145848353,Yes
6358-LYNGM,0.7418279310623962,Yes
6077-BDPXA,0.6010088556817597,Yes
5494-HECPR,0.9999781075609683,Yes
9824-BEMCV,0.9999379810334161,Yes
1373-ORVIZ,0.9993449462047408,Yes
4291-SHSBH,0.5733932976562638,Yes
9866-QEVEE,0.9998164450395803,Yes
9897-KXHCM,0.9997916275018489,Yes
7979-CORPM,0.9999379225940598,Yes
1618-CFHME,0.9998958262013573,Yes
3165-HDOEW,0.9998721302357089,Yes
6581-NQCBA,0.9993112373007852,Yes
5835-BEQEU,0.9999821135264155,Yes
5565-FILXA,0.9999879370571446,Yes
2223-KAGMX,0.9980742092989822,Yes
7321-PKUYW,0.9996711383916767,Yes
2833-SLKDQ,0.999206683706635,Yes
7595-EUIVN,0.9996864995151886,Yes
2026-TGDHM,0.9998433438329595,Yes
4030-VPZBD,0.9999350837137456,Yes
4187-CINZD,0.9997936054226517,Yes
6818-WOBHJ,0.9989054438180289,Yes
2408-TZMJL,0.9859397560677173,Yes
9134-CEQMF,0.9999806592527315,Yes
7993-PYKOF,0.9935114707925441,Yes
5027-XWQHA,0.999905206159498,Yes
6198-ZFIOJ,0.6062482845099867,Yes
4566-QVRRW,0.9992721978523113,Yes
8519-IMDHU,0.9998522211246458,Yes
0201-OAMXR,0.9403821582277819,Yes
3372-KWFBM,0.7301715706470784,Yes
7831-QGOXH,0.639618513577092,Yes
6393-WRYZE,0.9999457325848065,Yes
6599-RCLCJ,0.999870639690467,Yes
9831-BPFRI,0.9998192050888621,Yes
1725-MIMXW,0.9998466356539838,Yes
0031-PVLZI,0.9975004569415111,Yes
7206-GZCDC,0.9999841290902715,Yes
1768-ZAIFU,0.9998471596512195,Yes
4671-LXRDQ,0.9994104605102652,Yes
1934-SJVJK,0.9997705233876152,Yes
3838-OZURD,0.9984575945705331,Yes
9269-CQOOL,0.9994413104787001,Yes
2845-HSJCY,0.9999805722390651,Yes
1184-PJVDB,0.9996968532546013,Yes
9415-DPEWS,0.5053542777416307,Yes
7943-RQCHR,0.9999869326387137,Yes
3793-MMFUH,0.9999361383224636,Yes
3249-ZPQRG,0.9998211160658915,Yes
2568-BRGYX,0.9998070350136887,Yes
7721-JXEAW,0.9995588976862464,Yes
7249-WBIYX,0.9999723563118917,Yes
6567-HOOPW,0.7460595980983209,Yes
3164-AALRN,0.9999332712732081,Yes
3334-CTHOL,0.9999623912282624,Yes
4704-ERYFC,0.9995340303897586,Yes
8621-MNIHH,0.9997851446540399,Yes
0471-LVHGK,0.9998777096790687,Yes
9518-RWHZL,0.9989077529719564,Yes
8714-CTZJW,0.6140876456583775,Yes
5419-CONWX,0.9998735961586672,Yes
6240-EURKS,0.9999537234454959,Yes
6960-HVYXR,0.9998544229727515,Yes
7024-OHCCK,0.8630660372127209,Yes
7861-UVUFT,0.9997256254398655,Yes
5357-TZHPP,0.9999834482769209,Yes
0680-DFNNY,0.9999798291779252,Yes
7767-UXAGJ,0.5493736542849119,Yes
1571-SAVHK,0.9997435511092614,Yes
9546-CQJSU,0.9999213606918435,Yes
0506-LVNGN,0.9998283326084013,Yes
2951-QOQTK,0.9999255507903146,Yes
3473-XIIIT,0.9997991266633935,Yes
7893-IXHRQ,0.9998392105117864,Yes
2952-QAYZF,0.9998906798082168,Yes
4763-PGDPO,0.9997243743068994,Yes
5394-SVGJV,0.9993458014908516,Yes
9283-LZQOH,0.9996423866590616,Yes
7079-QRCBC,0.9998857555213844,Yes
5469-CTCWN,0.9806902018077854,Yes
9851-QXEEQ,0.9997514871717201,Yes
9809-IMGCQ,0.9999013869912542,Yes
5208-HFSBT,0.9986042397558731,Yes
3254-YRILK,0.9998824875129275,Yes
0529-ONKER,0.6335585071779016,Yes
5240-IJOQT,0.9999379863951935,Yes
1092-GANHU,0.9999613758934988,Yes
9314-IJWSQ,0.5801942273851324,Yes
0661-XEYAN,0.99977186127041,Yes
7881-EVUAD,0.9995528302024815,Yes
5766-XQXMQ,0.987537571370139,Yes
2984-AFWNC,0.5489394972137884,Yes
3703-VAVCL,0.9998936148791101,Yes
8519-QJGJD,0.9999500791656614,Yes
6326-MTTXK,0.9999758085667241,Yes
0330-IVZHA,0.9999370331084946,Yes
4237-RLAQD,0.9999097804509561,Yes
0637-YLETY,0.9997746522738524,Yes
1157-BQCUW,0.9999032278385661,Yes
3223-DWFIO,0.6063714341518441,Yes
2660-EMUBI,0.9999384822166743,Yes
3292-PBZEJ,0.7072512386182574,Yes
2003-CKLOR,0.9997628971543564,Yes
9254-RBFON,0.9998629240822829,Yes
9391-EOYLI,0.9999710715614909,Yes
8387-MOJJT,0.9986056607968641,Yes
2761-OCIAX,0.9999803058031191,Yes
7321-VGNKU,0.5007165272111829,Yes
3068-OMWZA,0.9999586492560372,Yes
6032-KRXXO,0.9999502250506753,Yes
7459-RRWQZ,0.9952038151828129,Yes
4154-AQUGT,0.9995496227443783,Yes
3092-IGHWF,0.9995271065584773,Yes
8017-LXHFA,0.9999721194183927,Yes
6352-TWCAU,0.9996854692741427,Yes
2929-QNSRW,0.9990501644344699,Yes
4248-QPAVC,0.9976914216911574,Yes
1899-VXWXM,0.9992033267184048,Yes
4690-LLKUA,0.9995850664534853,Yes
3331-HQDTW,0.9957068227700306,Yes
9490-DFPMD,0.9999649544269158,Yes
5442-XSDCW,0.9996501854066803,Yes
3049-NDXFL,0.6031095248588059,Yes
8580-AECUZ,0.7449494385767067,Yes
7963-GQRMY,0.9998147883708208,Yes
1228-FZFRV,0.9828835145124658,Yes
2058-DCJBE,0.999808252484548,Yes
5364-XYIRR,0.9994321140176724,Yes
4829-AUOAX,0.9999109098569462,Yes
5047-LHVLY,0.9999568369098926,Yes
9158-VCTQB,0.9887827955066247,Yes
6311-UEUME,0.9999447036653892,Yes
6839-ITVZJ,0.9997609459798673,Yes
0375-HVGXO,0.5740082432046948,Yes
8593-WHYHV,0.999914227447092,Yes
6097-EQISJ,0.9982002952038551,Yes
4423-YLHDV,0.9973164858801361,Yes
0107-YHINA,0.9999461816724968,Yes
8640-SDGKB,0.9999422744838736,Yes
2081-VEYEH,0.5169331762743509,Yes
6407-UTSLV,0.6759403471899516,Yes
4116-TZAQJ,0.9948223664200551,Yes
3877-JRJIP,0.9999715856609998,Yes
8375-DKEBR,0.9998949599850494,Yes
7511-YMXVQ,0.9997863326846629,Yes
7551-JOHTI,0.9997735752337971,Yes
9804-ICWBG,0.9999748511150797,Yes
5318-IXUZF,0.9999635746621549,Yes
3198-VELRD,0.999861804021843,Yes
9436-ZBZCT,0.9999629953268326,Yes
7279-BUYWN,0.997106083199945,Yes
7156-MHUGY,0.9998829138177023,Yes
7198-GLXTC,0.5490929321701123,Yes
8380-PEFPE,0.9998217531535645,Yes
7530-HDYDS,0.9997586461275865,Yes
9172-ANCRX,0.9986923460793861,Yes
6910-HADCM,0.9999663830942577,Yes
4816-LXZYW,0.9997471690675194,Yes
9606-PBKBQ,0.9997813447582317,Yes
3536-IQCTX,0.9996808043872392,Yes
3132-TVFDZ,0.999840273852359,Yes
8080-DDEMJ,0.9999459855508537,Yes
6365-MTGZX,0.9995343371147251,Yes
1349-WXNGG,0.9998174768548067,Yes
6990-YNRIO,0.9562039463715215,Yes
0621-TWIEM,0.99949741205399,Yes
2485-ITVKB,0.9999593952237096,Yes
3669-OYSJI,0.9998526690690088,Yes
6702-OHFWR,0.7192031891565674,Yes
4510-PYUSH,0.9727316400304113,Yes
7517-SAWMO,0.9990366984436331,Yes
7054-LGEQW,0.9998727183156194,Yes
0923-PNFUB,0.9999594669759246,Yes
3494-JCHRQ,0.9999749410359986,Yes
6474-FVJLC,0.9999871110565793,Yes
8840-DQLGN,0.9898661905599484,Yes
4547-LYTDD,0.9997822112609713,Yes
6770-XUAGN,0.9998421456850293,Yes
4193-ORFCL,0.9994825356858994,Yes
1636-NTNCO,0.5424684358145915,Yes
6689-TCZHQ,0.6606002066917709,Yes
3318-NMQXL,0.6618826686921851,Yes
4720-VSTSI,0.9999230097604918,Yes
3946-MHCZW,0.9992945168792081,Yes
6651-AZVTJ,0.9995764312903238,Yes
4566-GOLUK,0.9998595029203009,Yes
4587-NUKOX,0.9968665842341691,Yes
0420-BWTPW,0.9998963102243643,Yes
8183-ONMXC,0.5666833757496913,Yes
5054-IEXZT,0.5579934288814163,Yes
5834-ASPWA,0.7190323831410604,Yes
3948-XHGNA,0.9858376764476693,Yes
0565-IYCGT,0.9116920779335987,Yes
5445-UTODQ,0.9999580198814529,Yes
1024-VRZHF,0.9997997249477641,Yes
9497-QCMMS,0.999958809429436,Yes
1960-UYCNN,0.7158411887828456,Yes
0348-SDKOL,0.9997726935617641,Yes
4373-MAVJG,0.9999587100565374,Yes
8901-HJXTF,0.9987322060575082,Yes
5419-KLXBN,0.999914142109592,Yes
3424-NMNBO,0.991778148139206,Yes
4514-GFCFI,0.9999857687822784,Yes
9828-AOQLM,0.9994436961810526,Yes
8000-REIQB,0.9999838903137084,Yes
3858-VOBET,0.5467177963368521,Yes
1447-PJGGA,0.9990554045338426,Yes
8565-CLBZW,0.5537905876422402,Yes
0224-HJAPT,0.9999538280898366,Yes
8086-OVPWV,0.9998658467960282,Yes
9430-FRQOC,0.9999596616554498,Yes
3074-GQWYX,0.9999787999479258,Yes
6845-RGTYS,0.9917551328288601,Yes
8861-HGGKB,0.9999735944677576,Yes
7065-YUNRY,0.9994683896884594,Yes
7694-VLBWQ,0.9997257760674251,Yes
4795-KTRTH,0.9998631225603785,Yes
6481-OGDOO,0.9279015124905993,Yes
3753-TSEMP,0.9996504070858226,Yes
8305-VHZBZ,0.9989729925642895,Yes
9172-JITSM,0.9995891937544074,Yes
6298-QDFNH,0.9997555119679327,Yes
9961-JBNMK,0.9998453303384405,Yes
6173-ITPWD,0.9992737914596316,Yes
9734-UYXQI,0.9997851876862269,Yes
2189-UXTKY,0.989348986463422,Yes
4958-GZWIY,0.9998876777325575,Yes
6356-ELRKD,0.9997467065050938,Yes
8624-GIOUT,0.9658990366279261,Yes
6179-GJPSO,0.9813741795064488,Yes
7901-TBKJX,0.5083789216232106,Yes
3177-LASXD,0.5046289734681907,Yes
1084-UQCHV,0.9999565224435045,Yes
8290-YWKHZ,0.6030278010635259,Yes
2955-BJZHG,0.9994035649573166,Yes
3806-DXQOM,0.9993753909995374,Yes
9300-RENDD,0.642787543409278,Yes
0761-AETCS,0.9998548612226555,Yes
2153-MREFK,0.989681169986233,Yes
7206-PQBBZ,0.543776055397752,Yes
3106-ULWFW,0.9997594840460567,Yes
0925-VYDLG,0.6172338084432903,Yes
4349-GFQHK,0.5126448469887745,Yes
7802-EFKNY,0.9995998627540662,Yes
8035-BUYVG,0.972506156463625,Yes
9787-XVQIU,0.7270303588153474,Yes
8051-HJRLT,0.712348637078281,Yes
3023-GFLBR,0.9998630075168689,Yes
1391-UBDAR,0.5212634008474061,Yes
0524-IAVZO,0.999954335581188,Yes
2737-YNGYW,0.5756851585587678,Yes
5159-YFPKQ,0.9998500787106122,Yes
4021-RQSNY,0.6737593418473616,Yes
9061-TIHDA,0.9999038663380698,Yes
8699-ASUFO,0.6102304079810685,Yes
7927-AUXBZ,0.999837736877937,Yes
4695-WJZUE,0.999961581941674,Yes
7619-ODSGN,0.9842839538491762,Yes
3988-RQIXO,0.7782075221170546,Yes
2514-GINMM,0.9999781828497606,Yes
5931-FLJJF,0.9999556241874247,Yes
3207-OYBWH,0.9999051029432667,Yes
4285-GYRQC,0.9999658289900336,Yes
7216-EWTRS,0.9999475370330948,Yes
8337-MSSXB,0.9999598619055189,Yes
8182-BJDSI,0.9997664846054103,Yes
2528-HFYZX,0.9996441182351313,Yes
2482-CZGBB,0.9997718639056742,Yes
0866-QLSIR,0.993768565791826,Yes
7181-BQYBV,0.9989485580252374,Yes
4529-CKBCL,0.9999766525239405,Yes
2506-CLAKW,0.9959432590513345,Yes
1583-IHQZE,0.9999558383784066,Yes
0151-ONTOV,0.9996035379549083,Yes
4140-MUHUG,0.9999866340413522,Yes
0320-JDNQG,0.9911537294144418,Yes
7180-PISOG,0.6455636318054737,Yes
3571-RFHAR,0.9998377489293839,Yes
9578-VRMNM,0.9996054419662835,Yes
1587-FKLZB,0.9991844705536834,Yes
6140-QNRQQ,0.9997195187032087,Yes
4307-KTUMW,0.9884859073588789,Yes
7470-MCQTK,0.9999537935905163,Yes
7488-MXJIV,0.9999023789535161,Yes
2027-FECZV,0.9999846143950825,Yes
2672-DZUOY,0.9997632001022023,Yes
3870-MQAMG,0.9978868298161863,Yes
4800-CZMPC,0.9827282716475728,Yes
4813-HQMGZ,0.5025345647644482,Yes
7377-DMMRI,0.9949431076760761,Yes
8949-JTMAY,0.9997708711883008,Yes
2774-LVQUS,0.5809680724760418,Yes
3211-ILJTT,0.9994712845046347,Yes
4094-NSEDU,0.9999871569560425,Yes
5103-MHMHY,0.9991313364276528,Yes
1846-XWOQN,0.9999838353122122,Yes
0235-KGSLC,0.9999694311708364,Yes
3757-NJYBX,0.9999481227475746,Yes
6734-GMPVK,0.7018824128872903,Yes
7318-EIVKO,0.5380958354742972,Yes
5136-KCKGI,0.9990378428435042,Yes
6486-LHTMA,0.5214566071755284,Yes
3722-WPXTK,0.9998980853518004,Yes
2929-ERCFZ,0.9998423406573425,Yes
7548-SEPYI,0.9999740460295319,Yes
8835-VSDSE,0.9999608294432916,Yes
1623-NLDOT,0.998822622957691,Yes
9898-KZQDZ,0.9995837272410042,Yes
8982-NHAVY,0.558524388205057,Yes
9603-OAIHC,0.7162785463470276,Yes
5236-PERKL,0.9870772012617747,Yes
7854-FOKSF,0.9997182504990639,Yes
2519-FAKOD,0.999769145612283,Yes
8263-JQAIK,0.5397514743423424,Yes
7089-IVVAZ,0.9977308791484769,Yes
2205-YMZZJ,0.8034612874424502,Yes
1254-IZEYF,0.6378362034244954,Yes
9492-TOKRI,0.9996936457083718,Yes
1475-VWVDO,0.6093050162455393,Yes
9221-OTIVJ,0.9999363776852458,Yes
3325-FUYCG,0.9909224366845563,Yes
5908-QMGOE,0.9998322404240173,Yes
1197-BVMVG,0.7947240401403206,Yes
2609-IAICY,0.7114310516092349,Yes
1740-CSDJP,0.9999683278770384,Yes
2636-OHFMN,0.9999585465737171,Yes
1323-OOEPC,0.9998212787633612,Yes
0397-GZBBC,0.9999163020234266,Yes
7641-EUYET,0.9940426936632456,Yes
9921-ZVRHG,0.9998704833693026,Yes
9206-GVPEQ,0.9914336446303514,Yes
8433-WXGNA,0.9973078482487703,Yes
3707-GNWHM,0.9998605981218937,Yes
8922-LIEGH,0.6611845668698442,Yes
8245-UMPYT,0.7773021305165148,Yes
5186-SAMNZ,0.9999813571491232,Yes
0447-RXSGD,0.5537751571579999,Yes
5373-SFODM,0.9999375202579612,Yes
5766-ZJYBB,0.9997786925303337,Yes
8931-GJJIQ,0.9999858363726263,Yes
4277-PVRAN,0.9997734898904692,Yes
0022-TCJCI,0.972070554520848,Yes
0722-SVSFK,0.5619796151587959,Yes
0952-KMEEH,0.9968718969639145,Yes
9796-BPKIW,0.5420576116917459,Yes
8178-EYZUO,0.9938643884026017,Yes
5130-IEKQT,0.9999657160300781,Yes
3230-WYKIR,0.9991064052980808,Yes
0407-BDJKB,0.9998469429812319,Yes
3269-ATYWD,0.9997978212536859,Yes
4910-GMJOT,0.9999339667074288,Yes
0354-WYROK,0.999937240556341,Yes
7145-FEJWU,0.7259929528645234,Yes
7576-OYWBN,0.9999293967210181,Yes
8325-QRPZR,0.6108687506200257,Yes
5539-TMZLF,0.9998912391930445,Yes
4323-SADQS,0.989645497076322,Yes
4446-BZKHU,0.9991786489248677,Yes
0137-OCGAB,0.6095617072758789,Yes
3351-NQLDI,0.9409363741989052,Yes
7593-JNWRU,0.9998851181324193,Yes
4588-YBNIB,0.9998549913511002,Yes
3336-JORSO,0.9997715115186977,Yes
5028-GZLDO,0.9995599668847976,Yes
6861-XWTWQ,0.9999910254809079,Yes
6769-DCQLI,0.9997371474214517,Yes
2433-KMEAS,0.9936873688755112,Yes
2195-ZRVAX,0.9998803986768758,Yes
3550-SAHFP,0.9999659952403501,Yes
2011-TRQYE,0.9999031091691787,Yes
4873-ILOLJ,0.9997326167746869,Yes
2725-KXXWT,0.6074534135235193,Yes
9565-DJPIB,0.9997464231680265,Yes
8348-HFYIV,0.6823412501630097,Yes
8429-XIBUM,0.9973600371325301,Yes
2608-BHKFN,0.9996892609311178,Yes
7341-LXCAF,0.9998463504177646,Yes
9462-MJUAW,0.9994488944070299,Yes
8128-YVJRG,0.9973305986193526,Yes
4283-FUTGF,0.7368990146847743,Yes
1569-TTNYJ,0.9999714969976377,Yes
2397-BRLOM,0.9997024772060504,Yes
4749-VFKVB,0.9999498381631179,Yes
7598-UAASY,0.9996803614477149,Yes
7938-OUHIO,0.6296625992995684,Yes
8510-AWCXC,0.9990067847932198,Yes
3426-NIYYL,0.9999164456570729,Yes
8225-BTJAU,0.9998887639606329,Yes
3387-VATUS,0.7404419194179995,Yes
1143-NMNQJ,0.99998779777924,Yes
0415-MOSGF,0.9998809383013881,Yes
1724-BQUHA,0.9999878216744266,Yes
4826-XTSOH,0.9999131511538863,Yes
2495-INZWQ,0.9999737204778635,Yes
4139-SUGLD,0.9583915092938445,Yes
6857-VWJDT,0.9999768737851968,Yes
5624-BQSSA,0.9984788839746038,Yes
2408-WITXK,0.9998469345179966,Yes
5577-OTWWW,0.9997174986347984,Yes
6100-QQHEB,0.6274274453317066,Yes
2634-HCZGT,0.9581175316433926,Yes
7503-QQRVF,0.9994961707685834,Yes
2691-NZETQ,0.9999834447645595,Yes
4404-HIBDJ,0.9495433431669903,Yes
7295-JOMMD,0.9998096122084265,Yes
0581-MDMPW,0.5137512215415224,Yes
5013-SBUIH,0.983898299301806,Yes
0709-TVGUR,0.999918818625507,Yes
6023-YEBUP,0.9999375583172354,Yes
7209-JCUDS,0.9998812653530983,Yes
3001-CBHLQ,0.9997348940106231,Yes
6158-DWPZT,0.999854707664899,Yes
3763-GCZHZ,0.999622535715945,Yes
0772-GYEQQ,0.9999525758827039,Yes
4831-EOBFE,0.9838778282589646,Yes
4102-OQUPX,0.7411862336605326,Yes
9170-GYZJC,0.9401557221088256,Yes
3999-QGRJH,0.9998659552040748,Yes
2454-RPBRZ,0.6685259205553947,Yes
2002-MZHWP,0.9997763786568158,Yes
2265-CYWIV,0.9989701862008885,Yes
2740-TVLFN,0.552562208227347,Yes
2004-OCQXK,0.9998508030408436,Yes
5027-QPKTE,0.9997016354841914,Yes
2672-HUYVI,0.9999788502197491,Yes
7508-MYBOG,0.9998028694362463,Yes
0148-DCDOS,0.9998132073205335,Yes
9992-RRAMN,0.9997555806891927,Yes
4550-VBOFE,0.9993658952500346,Yes
7409-KIUTL,0.6964467587215468,Yes
0495-RVCBF,0.6796992975404291,Yes
8869-TORSS,0.9205977763623885,Yes
0679-IDSTG,0.9998451364642968,Yes
2115-BFTIW,0.9990770832572178,Yes
0611-DFXKO,0.9999288050762292,Yes
7780-OTDSO,0.9975028181532156,Yes
9747-DDZOS,0.9999662019961507,Yes
0564-JJHGS,0.9999859450500779,Yes
3348-CFRNX,0.9918344339885979,Yes
1428-GTBJJ,0.999958501509385,Yes
8802-UNOJF,0.9996076750741034,Yes
6313-GIDIT,0.9999085292356127,Yes
2845-AFFTX,0.9997917868031257,Yes
2249-YPRNG,0.999964978351664,Yes
7410-YTJIK,0.9997272487821011,Yes
4626-GYCZP,0.9999221879250468,Yes
2674-MIAHT,0.5827719984251569,Yes
5590-BYNII,0.9996741693669055,Yes
2815-CPTUL,0.9999716708044697,Yes
0596-BQCEQ,0.9986045147352178,Yes
1481-ZUWZA,0.9941436544673619,Yes
2309-OSFEU,0.9996609983356919,Yes
1891-FZYSA,0.9989019270116203,Yes
4770-UEZOX,0.5691884983242044,Yes
7613-LLQFO,0.9999815433364475,Yes
2640-PMGFL,0.9995867775302941,Yes
3801-HMYNL,0.9996472153422843,Yes
9685-WKZGT,0.7335696858177946,Yes
6022-UGGSO,0.9996377676282615,Yes
4484-CGXFK,0.999689628726034,Yes
6214-EDAKZ,0.9994449978982345,Yes
6127-ISGTU,0.5586193341153356,Yes
8740-XLHDR,0.9985806079254819,Yes
1208-DNHLN,0.9997894451231014,Yes
1761-AEZZR,0.9999777168019067,Yes
7120-RFMVS,0.999980990092526,Yes
7317-GGVPB,0.9957373189747921,Yes
1322-AGOQM,0.9996504665988285,Yes
3677-IYRBF,0.9998746926963604,Yes
5692-FPTAH,0.9999172070674729,Yes
1550-LOAHA,0.9998239136006499,Yes
0876-WDUUZ,0.9999318194524301,Yes
0617-FHSGK,0.9997940827727009,Yes
2858-MOFSQ,0.9999035351824694,Yes
8118-LSUEL,0.9999005948423522,Yes
7005-CCBKV,0.5902873148970097,Yes
4250-FDVOU,0.9877668405309206,Yes
5277-ZLOOR,0.8156179286932207,Yes
6376-GAHQE,0.9999681301549871,Yes
5052-PNLOS,0.7609760076525036,Yes
6979-ZNSFF,0.9998810234155892,Yes
2386-LAHRK,0.9995629900684228,Yes
6032-IGALN,0.9996507864175499,Yes
0516-WJVXC,0.9846817263151753,Yes
9174-FKWZE,0.9995788994552701,Yes
4822-NGOCH,0.9999777137596524,Yes
8679-JOEVF,0.9990943999812479,Yes
1432-FPAXX,0.9998859079596438,Yes
4803-AXVYP,0.9997313938715678,Yes
3884-HCSWG,0.9997023458501239,Yes
5077-DXTCG,0.9996349036896885,Yes
1142-WACZW,0.9998892354782195,Yes
5649-ANRML,0.5145045844175887,Yes
2919-HBCJO,0.9997077227990462,Yes
4236-XPXAV,0.9999136679243342,Yes
3030-YZADT,0.9988975810693334,Yes
7410-KTVFV,0.9988592293822761,Yes
8393-DLHGA,0.9996762349234555,Yes
7395-IGJOS,0.9999383415078074,Yes
2834-SPCJV,0.9727868132674454,Yes
7890-VYYWG,0.999677906081663,Yes
9907-SWKKF,0.9996683010948838,Yes
6397-JNZZG,0.9984664212103815,Yes
3523-QRQLL,0.999791469731928,Yes
0895-DQHEW,0.9994056880282808,Yes
8149-RSOUN,0.8100723431844971,Yes
7250-EQKIY,0.9998530974940872,Yes
5519-NPHVG,0.7372322224071066,Yes
8849-GYOKR,0.9727140714566724,Yes
3148-BLQJT,0.9984465290208794,Yes
0461-CVKMU,0.9986804624255065,Yes
8806-EAGWC,0.9998845353103921,Yes
7779-LGOVN,0.9998894461002256,Yes
9710-ZUSHQ,0.9964243766972711,Yes
4183-WCSEP,0.9990684083420474,Yes
9722-UJOJR,0.9993280645553677,Yes
3902-FOIGH,0.9998800773679984,Yes
6772-KSATR,0.9983667577117896,Yes
7112-OPOTK,0.9998902623443418,Yes
4210-QFJMF,0.9998553575509681,Yes
3318-OSATS,0.9999787546509158,Yes
1086-LXKFY,0.9996402264551124,Yes
2636-ALXXZ,0.99998444739021,Yes
7774-OJSXI,0.5373081193862387,Yes
7786-WBJYI,0.9999673884576695,Yes
5144-TVGLP,0.5372915073206036,Yes
9885-CSMWE,0.9998749044247821,Yes
3866-MDTUB,0.9960897264432964,Yes
8058-JMEQO,0.8077561930820051,Yes
0697-ZMSWS,0.99991677074684,Yes
8276-MQBYC,0.9999717737968622,Yes
7593-XFKDI,0.9991389874338806,Yes
0337-CNPZE,0.9999561954179244,Yes
0840-DFEZH,0.6777412397068203,Yes
1513-XNPPH,0.999728398576388,Yes
6015-VVHHE,0.7392299150227544,Yes
6347-DCUIK,0.9998115535920663,Yes
2545-EBUPK,0.8422596293626456,Yes
0897-FEGMU,0.7022924912575507,Yes
7663-RGWBC,0.999462685162904,Yes
9124-LHCJQ,0.9998891812185836,Yes
2235-ZGKPT,0.9991569510161338,Yes
3891-PUQOD,0.9996615150332511,Yes
0689-NKYLF,0.999975075232753,Yes
3658-KIBGF,0.9938699817854746,Yes
5519-YLDGW,0.9977665371860149,Yes
4946-EDSEW,0.9979092577613309,Yes
2516-VQRRV,0.7281630155690025,Yes
7580-UGXNC,0.9906513545553254,Yes
5178-LMXOP,0.999934263878712,Yes
8185-UPYBR,0.9998158081804658,Yes
4585-HETAI,0.9997950681026256,Yes
7526-BEZQB,0.9998982556260838,Yes
9617-INGJY,0.5084852236266272,Yes
5950-AAAGJ,0.5084997546144588,Yes
4951-UKAAQ,0.9998982814240703,Yes
4918-QLLIW,0.9998877866901588,Yes
7056-IMHCC,0.9994650842872205,Yes
1625-JAIIY,0.9984255732370909,Yes
2947-DOMLJ,0.9877450442416978,Yes
4112-LUEIZ,0.6347125495599556,Yes
4510-HIMLV,0.9999746319473429,Yes
9919-KNPOO,0.5884254123054629,Yes
8749-JMNKX,0.9937538282571683,Yes
2430-USGXP,0.9998092198087157,Yes
5955-ERIHD,0.9998282650904011,Yes
5949-EBSQK,0.9996765577124331,Yes
7274-RTAPZ,0.9998870568596998,Yes
0311-UNPFF,0.9999529918740725,Yes
3834-XUIFC,0.9998612721770093,Yes
8414-MYSHR,0.9999114189245529,Yes
9402-ORRAH,0.6735999575024499,Yes
7599-FKVXZ,0.9992825947712787,Yes
8229-TNIQA,0.9999064927697995,Yes
6221-AVQYL,0.9998458265717639,Yes
7743-EXURX,0.9994110203571973,Yes
5569-KGJHX,0.5755237515733197,Yes
4988-IQIGL,0.8036030741438178,Yes
7730-IUTDZ,0.9890504889245002,Yes
0748-RDGGM,0.9889819069000313,Yes
4706-AXVKM,0.999982083740034,Yes
9026-RNUJS,0.9996640931581674,Yes
3746-EUBYR,0.9998251475492964,Yes
2332-EFBJY,0.9983319496971405,Yes
9474-PHLYD,0.9996366397226226,Yes
2165-VOEGB,0.9961679782132381,Yes
2219-MVUSO,0.9998927230450054,Yes
8914-RBTSB,0.9995063882629383,Yes
7594-RQHXR,0.9999814612891096,Yes
6331-EWIEB,0.9999749798916504,Yes
1624-NALOJ,0.9999330965901254,Yes
4317-VTEOA,0.9999283930009485,Yes
1670-SVOWZ,0.9989684806113575,Yes
7541-YLXCL,0.995968335132024,Yes
0260-ZDLGK,0.9993703342972264,Yes
8722-NGNBH,0.9885135745772684,Yes
6210-KBBPI,0.9998919421175096,Yes
0133-BMFZO,0.9991294294348998,Yes
6128-CZOMY,0.9999414492031867,Yes
9540-JYROE,0.9996820509104449,Yes
2260-USTRB,0.9998690454040212,Yes
3656-TKRVZ,0.9984050108776937,Yes
8623-TMRBY,0.999920878883726,Yes
1501-SGHBW,0.9991156638343847,Yes
2612-RANWT,0.9999862352403647,Yes
6900-PXRMS,0.9997754860501369,Yes
3346-BRMIS,0.9999709928613132,Yes
9986-BONCE,0.9985742508227289,Yes
2722-JMONI,0.9949081467823453,Yes
4083-EUGRJ,0.9980116575206207,Yes
7579-OOPEC,0.9988910246676612,Yes
1771-OADNZ,0.5818437164197496,Yes
0612-RTZZA,0.9999661859672663,Yes
6410-LEFEN,0.9992703186651641,Yes
3194-ORPIK,0.9991747274127853,Yes
8816-VXNZD,0.9999848053191357,Yes
1723-HKXJQ,0.9999423275437053,Yes
7825-GKXMW,0.9994087834589997,Yes
0836-SEYLU,0.9984168347042035,Yes
4433-JCGCG,0.999746787106938,Yes
3716-BDVDB,0.9998335110246884,Yes
5899-MQZZL,0.999968084290534,Yes
6849-OYAMU,0.9997748710621369,Yes
9488-HGMJH,0.6950844932240521,Yes
6038-GCYEC,0.9994711302518292,Yes
1150-WFARN,0.9557160926310889,Yes
3144-AUDBS,0.9988820298677024,Yes
5616-PRTNT,0.9998071121851018,Yes
4818-QIUFN,0.9982236436278679,Yes
5288-AHOUP,0.7044541736459619,Yes
6688-UZPWD,0.9998076052306502,Yes
2839-RFSQE,0.999757458869937,Yes
0968-GSIKN,0.5140331162662204,Yes
9057-SIHCH,0.9999228298438716,Yes
6771-XWBDM,0.9988826042962016,Yes
2897-DOVND,0.608264053597619,Yes
8601-QACRS,0.9999432282959865,Yes
2391-SOORI,0.9910827856876809,Yes
2645-QTLMB,0.6236912909423378,Yes
4806-HIPDW,0.9999632881264954,Yes
4424-TKOPW,0.9999570960730106,Yes
8443-ZRDBZ,0.9998843785862451,Yes
7479-NITWS,0.9998613677535507,Yes
2959-MJHIC,0.9997555584218657,Yes
4201-JMNGR,0.9969983005351117,Yes
5960-WPXQM,0.999866438083105,Yes
0684-AOSIH,0.9975036085836797,Yes
8260-NGFNY,0.9999260977653656,Yes
1866-RZZQS,0.9998735671277491,Yes
8631-NBHFZ,0.869910394646047,Yes
4958-XCBDQ,0.6862463261311947,Yes
8337-UPOAQ,0.9999876589609881,Yes
1725-IQNIY,0.9898951592352407,Yes
6712-OAWRH,0.5829741246807295,Yes
1508-DFXCU,0.5399564440258713,Yes
8614-VGMMV,0.9996527344717883,Yes
2930-UOTMB,0.969382187161295,Yes
5914-DVBWJ,0.999745334098579,Yes
8644-XLFBW,0.9999817309579176,Yes
0650-BWOZN,0.5427932495085308,Yes
8625-AZYZY,0.5547137932973341,Yes
9306-CPCBC,0.7247324438464402,Yes
1833-VGRUM,0.9999906360601568,Yes
6137-NICCO,0.5642991900380198,Yes
8374-XGEJJ,0.9996559378263635,Yes
2656-TABEH,0.9999802202758963,Yes
6946-LMSQS,0.9969876686387374,Yes
2325-ZUSFD,0.9431427422197846,Yes
3932-CMDTD,0.9999572189117579,Yes
7714-YXSMB,0.6324336689619603,Yes
4039-HEUNW,0.5466210720751242,Yes
0812-WUPTB,0.9999451873834476,Yes
3594-UVONA,0.9784335438335481,Yes
0004-TLHLJ,0.9998555646722097,Yes
5089-IFSDP,0.9830239069490085,Yes
4817-VYYWS,0.9997841076128785,Yes
5299-SJCZT,0.7807351747288201,Yes
2403-BCASL,0.9999054598378274,Yes
2898-LSJGD,0.992409221377875,Yes
7359-PTSXY,0.9994341028043007,Yes
4503-BDXBD,0.9995711221078296,Yes
6086-ESGRL,0.9996722496357962,Yes
3886-CERTZ,0.9974545300784651,Yes
5759-RCVCB,0.999474145137454,Yes
8938-UMKPI,0.9996446331855164,Yes
0991-BRRFB,0.9859218466312725,Yes
3871-IKPYH,0.6393990114196351,Yes
6319-IEJWJ,0.9996799343436635,Yes
9025-AOMKI,0.9999862780782364,Yes
5275-SQEIZ,0.9997977364221512,Yes
7716-YTYHG,0.9998516157010875,Yes
4390-KYULV,0.9981708443570074,Yes
1304-NECVQ,0.9999923592343594,Yes
8945-GRKHX,0.9998208288366559,Yes
6959-UWKHF,0.9996611544634977,Yes
3815-SLMEF,0.9872903339787791,Yes
5154-VEKBL,0.991351082191073,Yes
5655-JSMZM,0.9999615917984352,Yes
4505-EXZHB,0.9998502975199651,Yes
7225-CBZPL,0.705037398770513,Yes
4587-VVTOX,0.9998878115922402,Yes
4652-NNHNY,0.9997275235981576,Yes
8972-HJWNV,0.9999098997329539,Yes
2860-RANUS,0.9998345768283197,Yes
5261-QSHQM,0.9997479590057625,Yes
8868-WOZGU,0.6112486297758227,Yes
1334-FJSVR,0.9997830316386241,Yes
7625-XCQRH,0.6438467275167523,Yes
6986-IXNDM,0.5603893221692018,Yes
1731-TVIUK,0.9999741375990571,Yes
0406-BPDVR,0.9998210447191783,Yes
0618-XWMSS,0.9923418980229697,Yes
5276-KQWHG,0.7062643661606292,Yes
0420-HLGXF,0.672875856812011,Yes
2565-JSLRY,0.9999184220445126,Yes
6689-KXGBO,0.999327074826469,Yes
6615-NGGZJ,0.9999797260559825,Yes
4255-DDUOU,0.9985158307721604,Yes
2984-MIIZL,0.9998172291535802,Yes
3677-TNKIO,0.9995579663410991,Yes
9667-EQRXU,0.999957057565349,Yes
3329-WDIOK,0.9997903583730724,Yes
2873-ZLIWT,0.9998741846724687,Yes
3415-TAILE,0.9991516114375155,Yes
1915-IOFGU,0.999961029019495,Yes
3045-XETSH,0.7257330036373637,Yes
7683-CBDKJ,0.9868994113939753,Yes
0946-CLJTI,0.9996427732383815,Yes
0916-QOFDP,0.7211241986561076,Yes
0628-CNQRM,0.9730791584407834,Yes
7665-TOALD,0.9998449035163635,Yes
0112-QWPNC,0.9928741877944673,Yes
0324-BRPCJ,0.9991880718564188,Yes
2777-PHDEI,0.9998115800263443,Yes
1196-AMORA,0.999833926631224,Yes
4282-YMKNA,0.9999800118173819,Yes
5356-RHIPP,0.9989549544147185,Yes
9189-JWSHV,0.9999796782331766,Yes
0746-JTRFU,0.9997674319186678,Yes
0576-WNXXC,0.9998218111255146,Yes
4628-CTTLA,0.9983925925887789,Yes
2876-VBBBL,0.9998480980900541,Yes
5597-GLBUC,0.9999814197371347,Yes
4822-YCXMX,0.9998214136536968,Yes
9821-POOTN,0.9999256876217938,Yes
6559-ILWKJ,0.9935945041994413,Yes
4229-CZMLL,0.9998818986659708,Yes
9741-YLNTD,0.6110732805363089,Yes
3663-MITLP,0.5804925534008357,Yes
3285-UCQVC,0.9994993603024892,Yes
5482-PLVPE,0.9997836719486237,Yes
4902-OHLSK,0.9997180779585854,Yes
0495-ZBNGW,0.9999844497074178,Yes
2357-COQEK,0.999978041147553,Yes
3737-GCSPV,0.9919424250218767,Yes
5934-RMPOV,0.6243488648293861,Yes
4088-YLDSU,0.9988795544521025,Yes
2034-CGRHZ,0.6497211360548135,Yes
5797-APWZC,0.9998292941995599,Yes
3683-QKIUE,0.9998538370555111,Yes
4228-ZGYUW,0.7223143883627029,Yes
3519-ZKXGG,0.9999752236327255,Yes
6416-TVAIH,0.5287737772073139,Yes
5108-ADXWO,0.996701882282113,Yes
3066-RRJIO,0.5184441486463549,Yes
6715-OFDBP,0.9997628896009807,Yes
1567-DSCIC,0.999900549135499,Yes
2150-UWTFY,0.9641733393549928,Yes
2683-BPJSO,0.9934649957706624,Yes
9360-AHGNL,0.9982936833670262,Yes
5485-WUYWF,0.9952131514368473,Yes
8818-DOPVL,0.5748504032589505,Yes
2632-UCGVD,0.9997231398182511,Yes
5445-PZWGX,0.9575132131627223,Yes
9170-CCKOU,0.9912363993161032,Yes
3814-MLAXC,0.9991949758417514,Yes
1226-UDFZR,0.9993541209508997,Yes
6425-YQLLO,0.9996889746119257,Yes
5442-UTCVD,0.9998932168149943,Yes
7734-DBOAI,0.9992117521863539,Yes
2091-RFFBA,0.9998318059644418,Yes
2114-MGINA,0.9997326987974222,Yes
4489-SNOJF,0.9759315696380373,Yes
6899-PPEEA,0.9999749556628277,Yes
2187-LZGPL,0.9999321788819996,Yes
4597-NUCQV,0.6824539797027778,Yes
9019-QVLZD,0.9999672000440228,Yes
7394-LWLYN,0.598806893196033,Yes
3707-LRWZD,0.9999295502487011,Yes
1455-ESIQH,0.9999837445909228,Yes
2979-SXESE,0.9961993081199395,Yes
4013-TLDHQ,0.9997193030978188,Yes
3754-DXMRT,0.9999633420895522,Yes
7130-VTEWQ,0.7591245543432358,Yes
6121-VZNQB,0.9998487480305613,Yes
7903-CMPEY,0.9985975481955892,Yes
6996-KNSML,0.9998652785409403,Yes
1704-NRWYE,0.9999799767864372,Yes
2592-SEIFQ,0.9999458025404495,Yes
7481-ATQQS,0.9999418784486115,Yes
8642-GVWRF,0.9995911621843203,Yes
3400-ESFUW,0.8072588310359332,Yes
2057-ZBLPD,0.5268239408224537,Yes
5502-RLUYV,0.9998498001490852,Yes
0023-HGHWL,0.6378447698402442,Yes
9039-RBEEE,0.9659687867018882,Yes
8417-FMLZI,0.9995675643640862,Yes
1792-UXAFY,0.9998441840289561,Yes
0515-YPMCW,0.9997441286115178,Yes
0378-XSZPU,0.972518123409585,Yes
4729-XKASR,0.9996689611631485,Yes
9837-BMCLM,0.9999780738261204,Yes
0137-UDEUO,0.9984778975376544,Yes
6161-UUUTA,0.9999847441498104,Yes
6543-XRMYR,0.9998599263450975,Yes
4925-LMHOK,0.9998353817567744,Yes
1455-UGQVH,0.9999844829053982,Yes
2037-SGXHH,0.9999361267780961,Yes
3178-FESZO,0.9998593277911749,Yes
6087-MVHJH,0.9999848738376892,Yes
4603-JANFB,0.9998308289295834,Yes
3018-TFTSU,0.9945055419832097,Yes
4806-KEXQR,0.9998581901358363,Yes
7083-YNSKY,0.99895823625405,Yes
2479-BRAMR,0.994918707054724,Yes
7908-QCBCA,0.9996492306631987,Yes
6711-FLDFB,0.9998756043800634,Yes
3714-JTVOV,0.9849315411867089,Yes
4702-IOQDC,0.6191479716990034,Yes
6178-KFNHS,0.9980397650013768,Yes
1264-BYWMS,0.999511743235604,Yes
9658-WYUFB,0.9974572066272116,Yes
2013-SGDXK,0.999764014561256,Yes
8580-QVLOC,0.8569861962624283,Yes
2012-NWRPA,0.7920005990322269,Yes
8808-ELEHO,0.99993045443885,Yes
3506-LCJDC,0.9982317509005494,Yes
3934-HXCFZ,0.9961479318152495,Yes
4910-AQFFX,0.5967464812573322,Yes
2154-KVJFF,0.5853076801437712,Yes
9647-ERGBE,0.9997763531291131,Yes
3428-XZMAZ,0.9999744911692161,Yes
0378-TOVMS,0.9996199911907799,Yes
4355-HBJHH,0.9644445766889218,Yes
9058-CBREO,0.9996853744837991,Yes
0318-QUUOB,0.9997857287123894,Yes
5520-FVEWJ,0.9998036569039748,Yes
5572-ZDXHY,0.9995301392813123,Yes
3750-CKVKH,0.9999769938477833,Yes
8063-GBATB,0.9998724722094845,Yes
2252-ISRNH,0.6120609333325759,Yes
4547-KQRTM,0.9998067138030343,Yes
4877-EVATK,0.9997739309826916,Yes
7639-SUPCW,0.9829475010126146,Yes
1069-XAIEM,0.9999510555855502,Yes
4658-HCOHW,0.9994884034424617,Yes
2432-TFSMK,0.5072239978816341,Yes
3440-JPSCL,0.9999582275314277,Yes
2889-FPWRM,0.992023107382201,Yes
6987-XQSJT,0.9995082315883623,Yes
4290-BSXUX,0.9996739265305947,Yes
0325-XBFAC,0.9998802112083216,Yes
4480-QQRHC,0.6763541180501063,Yes
2462-XIIJB,0.9999865735013925,Yes
4760-XOHVN,0.999680554503296,Yes
7817-BOQPW,0.9999839137092063,Yes
1853-UDXBW,0.9999633444757985,Yes
5458-CQJTA,0.8706165307639089,Yes
5219-YIPTK,0.9997176875222974,Yes
5032-MIYKT,0.5146131042231552,Yes
3540-RZJYU,0.994513274374899,Yes
0722-TROQR,0.9999318597997827,Yes
7571-YXDAD,0.9997551621849358,Yes
3393-FMZPV,0.9998156592155469,Yes
6402-ZFPPI,0.997591281670691,Yes
7486-KSRVI,0.9993232938517943,Yes
8443-WVPSS,0.9995133048631589,Yes
3006-XIMLN,0.9999877484304542,Yes
9965-YOKZB,0.9999381818791508,Yes
0504-HHAPI,0.5477119480566214,Yes
9360-OMDZZ,0.6523809746425298,Yes
3647-GMGDH,0.999927752957466,Yes
3791-LGQCY,0.999565477972342,Yes
2956-GGUCQ,0.9971345596181351,Yes
0362-ZBZWJ,0.9997438815841951,Yes
4211-MMAZN,0.9985069938992944,Yes
4274-OWWYO,0.5687036475431009,Yes
1541-ETJZO,0.9998872193817918,Yes
4106-HADHQ,0.916083033766123,Yes
2369-UAPKZ,0.6293039607830763,Yes
2778-OCLGR,0.9906374823879943,Yes
6583-KQJLK,0.5537350342442194,Yes
0637-KVDLV,0.9998854800654643,Yes
6633-MPWBS,0.9992759564186229,Yes
8785-EPNCG,0.9986892552181801,Yes
5729-KLZAR,0.9996845262264322,Yes
1582-RAFML,0.9989833363239876,Yes
8740-CRYFY,0.9999796310901669,Yes
2962-XPMCQ,0.9999428017341512,Yes
1678-FYZOW,0.9998569519319418,Yes
8627-EHGIP,0.9998135645685159,Yes
8854-CCVSQ,0.9999662359878124,Yes
0511-JTEOY,0.999938271821036,Yes
5216-WASFJ,0.5557327016444477,Yes
7067-KSAZT,0.9991744188573249,Yes
4948-WBBKL,0.5068338328556276,Yes
9300-AGZNL,0.999958840815526,Yes
1112-CUNAO,0.9999787169990507,Yes
5175-AOBHI,0.9993408046154275,Yes
7270-BDIOA,0.9999515051715684,Yes
9732-KPKBW,0.9911494884303595,Yes
3389-YGYAI,0.8258213959908174,Yes
9560-ARGQJ,0.9997468517946972,Yes
5134-IKDAY,0.5280621994229039,Yes
3070-DVEYC,0.9999745264623084,Yes
5707-ORNDZ,0.9960183860184812,Yes
8696-JKZNU,0.5197176980175153,Yes
5380-AFSSK,0.9998877397889722,Yes
2055-PDADH,0.6981168521140518,Yes
8714-EUHJO,0.9999357747998984,Yes
3721-CNEYS,0.9998123539440049,Yes
2568-OIADY,0.9997343061969662,Yes
1193-RTSLK,0.9871880790755463,Yes
2302-ANTDP,0.9858640729404788,Yes
5923-GXUOC,0.9977887597887805,Yes
5233-GEEAX,0.999847865268432,Yes
4432-ADRLB,0.9991550474996826,Yes
8993-PHFWD,0.9996416417035214,Yes
1565-RHDJD,0.6008732298159879,Yes
7137-RYLPP,0.9999545242797796,Yes
3765-JXVKY,0.9998050719672014,Yes
7330-WZLNC,0.6866328992459698,Yes
3957-LXOLK,0.9998839662588471,Yes
6635-MYYYZ,0.9940986075405207,Yes
5281-BUZGT,0.9970318225038179,Yes
5378-IKEEG,0.5659487923196458,Yes
2718-GAXQD,0.9993871158575578,Yes
6413-XKKPU,0.9957642266537055,Yes
1449-XQEMT,0.9989201368035487,Yes
2612-RRIDN,0.9999752615796144,Yes
4735-ASGMA,0.9998778554750207,Yes
3669-LVWZB,0.9999502399889366,Yes
6892-EZDTG,0.9999730119285676,Yes
5117-IFGPS,0.5934883240408148,Yes
9725-SCPZG,0.686987192619957,Yes
5884-GCYMI,0.9996434646428631,Yes
3217-FZDMN,0.9998783666677363,Yes
7853-GVUDZ,0.9997459137228795,Yes
7480-QNVZJ,0.5166697674659432,Yes
3943-KDREE,0.9999582112992921,Yes
9239-ZBZZV,0.9998738211683639,Yes
4398-HSCJH,0.9996718593900428,Yes
4430-UZIPO,0.9991203965041467,Yes
8008-HAWED,0.9997916189440886,Yes
7124-UGSUR,0.9989386958563291,Yes
1502-XFCVR,0.9829592173280612,Yes
9692-TUSXH,0.9968253788016218,Yes
7912-SYRQT,0.999977393505778,Yes
4816-JBHOV,0.9997554319516081,Yes
8292-TYSPY,0.9997492457062618,Yes
1867-BDVFH,0.9999690287823793,Yes
2359-QWQUL,0.9958470640673583,Yes
9103-TCIHJ,0.9987633029317112,Yes
4140-WJAWW,0.998098417565495,Yes
3320-VEOYC,0.7934499137703528,Yes
6653-CBBOM,0.9998228320787691,Yes
3247-ZVOUO,0.999848840772372,Yes
6101-IMRMM,0.9999643209168811,Yes
1268-ASBGA,0.9999673622074212,Yes
8943-URTMR,0.9999656487710703,Yes
4713-LZDRV,0.7557692014091859,Yes
4325-NFSKC,0.9984697487338119,Yes
2955-PSXOE,0.999879554127407,Yes
7762-URZQH,0.9957001834341614,Yes
6907-NZZIJ,0.9997345788602976,Yes
2911-UREFD,0.9838257203994382,Yes
3744-ZRRDZ,0.9997444619465955,Yes
1602-IJQQE,0.9998382384484573,Yes
4628-WQCQQ,0.9994753714733573,Yes
6502-HCJTI,0.9974015046471983,Yes
2606-RMDHZ,0.9994323478692072,Yes
8258-GSTJK,0.9999257529269703,Yes
6861-OKBCE,0.9996357162425603,Yes
9940-RHLFB,0.9998010192320123,Yes
8541-QVFKM,0.6952752514841744,Yes
1383-EZRWL,0.9997110664527649,Yes
4759-TRPLW,0.9997432700151334,Yes
8563-IIOXK,0.9875913510634396,Yes
2982-VPSGI,0.9998703617585639,Yes
8199-ZLLSA,0.9688801153149232,Yes
4625-EWPTF,0.9955558781721607,Yes
5980-NOPLP,0.9999294247264185,Yes
6892-XPFPU,0.9998713955184599,Yes
8010-EZLOU,0.9998716568344236,Yes
3295-YVUSR,0.7496352504918706,Yes
9874-QLCLH,0.9980751715694333,Yes
8062-YBDOE,0.9999834035011061,Yes
6000-APYLU,0.5955433367445926,Yes
0947-IDHRQ,0.9999601007589265,Yes
3672-YITQD,0.9997658280022937,Yes
9048-JVYVF,0.9999311923187,Yes
8988-ECPJR,0.9994759910897613,Yes
3776-EKTKM,0.6554730854118512,Yes
1902-XBTFB,0.9999553272349884,Yes
0643-OKLRP,0.989325504664417,Yes
9381-NDKME,0.9994775001581877,Yes
2794-XIMMO,0.999501867940496,Yes
8382-SHQEH,0.9998581342459749,Yes
7668-XCFYV,0.7314483334442506,Yes
2983-ZANRP,0.9996620106383025,Yes
3034-ZBEQN,0.9992458909685767,Yes
8327-LZKAS,0.9999121437154166,Yes
1075-BGWOH,0.9999878150019282,Yes
0302-JOIVN,0.9999513785718745,Yes
5366-IJEQJ,0.9998776678780732,Yes
1981-INRFU,0.6355975054638351,Yes
4971-PUYQO,0.9999627094678563,Yes
8485-GJCDN,0.6031757932433602,Yes
6029-WTIPC,0.9998695132218185,Yes
6682-QJDGB,0.9645659803237744,Yes
8780-IXSTS,0.9998722359776029,Yes
9530-EHPOH,0.9996553926135103,Yes
0345-HKJVM,0.9997984734081337,Yes
3049-SOLAY,0.9998964217050024,Yes
3317-HRTNN,0.603978723492264,Yes
3235-ETOOB,0.9993131397018876,Yes
8058-INTPH,0.656545809285784,Yes
2082-OJVTK,0.999767959940074,Yes
5940-NFXKV,0.9999699432823715,Yes
1941-HOSAM,0.6203570150083404,Yes
9564-KCLHR,0.9985113668954548,Yes
2082-CEFLT,0.9996247565602655,Yes
1213-NGCUN,0.9998629976268608,Yes
5688-KZTSN,0.9983557022176912,Yes
2894-QOJRX,0.9992515999069096,Yes
5747-PMBSQ,0.9995846091204417,Yes
3143-JQEGI,0.9999471515722329,Yes
6386-SZZKH,0.9997910457281992,Yes
2982-IHMFT,0.7415176828585639,Yes
3521-SYVOR,0.9991366090176608,Yes
9526-JAWYF,0.9995028651219842,Yes
5649-VUKMC,0.9999399559197673,Yes
4273-MBHYA,0.712007241792019,Yes
5143-EGQFK,0.9999457226603272,Yes
4919-IKATY,0.9980150255667679,Yes
9050-QLROH,0.9998153024953772,Yes
6168-WFVVF,0.6895555924240965,Yes
0112-QAWRZ,0.5496659473148561,Yes
8065-YKXKD,0.9998618689827895,Yes
9637-EIHEQ,0.9999004098723164,Yes
9689-PTNPG,0.999843562349739,Yes
2362-IBOOY,0.5096487174787059,Yes
0843-WTBXE,0.9990323049493663,Yes
5515-IDEJJ,0.9977494747581089,Yes
7450-NWRTR,0.8454507854511003,Yes
5376-DEQCP,0.60501814864817,Yes
9095-HFAFX,0.9999556042564968,Yes
2379-ENZGV,0.999968747138876,Yes
6005-OBZPH,0.9998468474048037,Yes
7932-WPTDS,0.9997806379521819,Yes
6833-JMZYP,0.5256101022739348,Yes
2722-VOJQL,0.997081326325272,Yes
5228-EXCET,0.9997836493414052,Yes
7394-FKDNK,0.9999504713033184,Yes
6331-LWDTQ,0.9999447973360486,Yes
1597-FZREH,0.9999127185175257,Yes
7000-WCEVQ,0.9996581255146367,Yes
0727-IWKVK,0.9999513250671267,Yes
5959-BELXA,0.9999669595424089,Yes
3512-IZIKN,0.7890018814734762,Yes
6141-OOXUQ,0.9997699288576191,Yes
7503-ZGUZJ,0.9998776075308243,Yes
2506-TNFCO,0.9999756523120055,Yes
8718-PTMEZ,0.9999316563242027,Yes
2207-OBZNX,0.9895827066732412,Yes
6142-VSJQO,0.9999082268062919,Yes
6437-UKHMV,0.9999734411048683,Yes
4912-PIGUY,0.7648687705834365,Yes
1114-CENIM,0.9971539885050962,Yes
6060-DRTNL,0.9998723440155227,Yes
8473-VUVJN,0.8138812358974652,Yes
6289-CPNLD,0.9969910544099679,Yes
5536-SLHPM,0.9998934629524123,Yes
0196-VULGZ,0.7544009360953446,Yes
8837-VVWLQ,0.9958976865729139,Yes
2696-NARTR,0.9999400983014433,Yes
7614-QVWQL,0.9996160768434604,Yes
1976-CFOCS,0.9994506904849093,Yes
4631-OACRM,0.999867019792899,Yes
3755-JBMNH,0.9996562126377591,Yes
1809-DMJHQ,0.9989935536681254,Yes
6923-EFPNL,0.9993497792869248,Yes
9574-RKJIF,0.9941225419852997,Yes
2619-WFQWU,0.5154061781523497,Yes
0778-NELLA,0.999557695675069,Yes
4614-NUVZD,0.6644105603726018,Yes
9572-MTILT,0.973916644367065,Yes
9611-CTWIH,0.6922256002095156,Yes
0329-GTIAJ,0.5311639710812514,Yes
6629-CZTTH,0.9995482179004517,Yes
5364-EVNIB,0.9999619351207946,Yes
6918-UMQCG,0.5255365829813646,Yes
0013-EXCHZ,0.9996345938050827,Yes
5550-VFRLC,0.9998907019769682,Yes
4929-BSTRX,0.9995656016378531,Yes
2225-ZRGSG,0.9105703977426436,Yes
5271-YNWVR,0.96789083427385,Yes
6330-JKLPC,0.9996916897892556,Yes
7228-OMTPN,0.6993433457010164,Yes
6284-AHOOQ,0.9997501739984398,Yes
2344-JMOGN,0.9998924519582031,Yes
3799-ISUZQ,0.9999459371973999,Yes
1794-HBQTJ,0.9918800280081258,Yes
2460-FPSYH,0.9928111083569539,Yes
1320-HTRDR,0.9999829172690601,Yes
1493-AMTIE,0.999203636049843,Yes
6424-ELEYH,0.9997423950135194,Yes
4391-RESHN,0.9996959571227434,Yes
6821-BUXUX,0.997650641605583,Yes
5028-HTLJB,0.9990440465356399,Yes
9801-GDWGV,0.9999648687065661,Yes
5143-WMWOG,0.9998530963295345,Yes
5393-RXQSZ,0.588999916213179,Yes
7638-QVMVY,0.9999740714345409,Yes
3244-DCJWY,0.9998351063631139,Yes
0875-CABNR,0.6392593299191872,Yes
7812-FZHPE,0.9978005824843205,Yes
4797-AXPXK,0.9884743947577296,Yes
5229-PRWKT,0.7130399888362174,Yes
0193-ESZXP,0.9471523469747787,Yes
4369-HTUIF,0.9996936984707084,Yes
5399-ZIMKF,0.5401098866684665,Yes
0156-FVPTA,0.995649203709815,Yes
1984-FCOWB,0.9996497662420888,Yes
0654-HMSHN,0.9999578971069195,Yes
5287-QWLKY,0.9779975395984735,Yes
5196-SGOAK,0.5553928427149178,Yes
1891-UAWWU,0.9998085605403313,Yes
6108-OQZDQ,0.7035490824035162,Yes
0363-QJVFX,0.9912089987323308,Yes
9840-DVNDC,0.9999562960989526,Yes
3096-JRDSO,0.9953951088457818,Yes
3374-LXDEV,0.9996389170835615,Yes
5049-GLYVG,0.9984639618382634,Yes
5883-GTGVD,0.9998490735891712,Yes
4817-QRJSX,0.9999574149830652,Yes
4686-UXDML,0.5149415753269526,Yes
2398-YPMUR,0.9999623601102281,Yes
9985-MWVIX,0.9997381230300921,Yes
1265-XTECC,0.9683968192263213,Yes
2237-ZFSMY,0.9856424184506621,Yes
4871-JTKJF,0.7124696464300379,Yes
1415-YFWLT,0.9999303182167578,Yes
6711-VTNRE,0.9994493655862046,Yes
3500-RMZLT,0.9955088876032305,Yes
4548-SDBKE,0.7341516555976316,Yes
8066-POXGX,0.5064381065379041,Yes
4143-OOBWZ,0.9999674372434612,Yes
9102-IAYHT,0.5769195741230286,Yes
3422-LYEPQ,0.9999603477514285,Yes
2642-DTVCO,0.7989211240423018,Yes
1363-TXLSL,0.9998357939944161,Yes
9507-EXLTT,0.9999629595774421,Yes
9846-GKXAS,0.5947373002171233,Yes
6017-PPLPX,0.9994993158499412,Yes
7136-RVDTZ,0.9997711955623184,Yes
4581-SSPWD,0.9998863383777574,Yes
6927-WTFIV,0.9999165575136402,Yes
3398-ZOUAA,0.9999536963321302,Yes
0378-NHQXU,0.9999630383413498,Yes
7969-AULMZ,0.6352460966762508,Yes
0568-ONFPC,0.999192930430732,Yes
0733-VUNUW,0.9912840041497005,Yes
4550-EVXNY,0.9999755483353471,Yes
2968-SSGAA,0.9999233502812015,Yes
4844-JJWUY,0.999890766231539,Yes
6777-TGHTM,0.9880807103083257,Yes
3538-WZPHD,0.9997156394791706,Yes
8610-WFCJF,0.9994357393686086,Yes
4905-JEFDW,0.999952265399432,Yes
7881-INRLC,0.999333872363511,Yes
0117-LFRMW,0.9954741983565978,Yes
1965-AKTSX,0.9998830168007884,Yes
4786-UKSNZ,0.9997647803343218,Yes
7248-VZQLC,0.9996266899333991,Yes
9355-NPPFS,0.5806410584289029,Yes
8035-PWSEV,0.5522534570398925,Yes
0011-IGKFF,0.9998563565475114,Yes
4192-GORJT,0.9998464747008828,Yes
6496-SLWHQ,0.8518446090111091,Yes
9912-GVSEQ,0.999976226190757,Yes
5383-MMTWC,0.7473904430453981,Yes
7240-ETPTR,0.9999650238368394,Yes
2202-CUYXZ,0.9998888176161614,Yes
5995-OIGLP,0.9676499404761613,Yes
6261-RCVNS,0.9869379598463098,Yes
3640-PHQXK,0.9999739476808249,Yes
8019-ENHXU,0.9998780976294448,Yes
5167-GBFRE,0.5747793326539076,Yes
1324-NLTJE,0.999024254176091,Yes
1522-VVDMG,0.9999192363635813,Yes
9185-TQCVP,0.9999733506170367,Yes
5567-WSELE,0.9999343720847472,Yes
8063-RJYNF,0.997413979515799,Yes
0687-ZVTHB,0.9155682350284561,Yes
9661-ACXBS,0.9968321499592612,Yes
3727-RJMEO,0.9998629989868908,Yes
6646-VRFOL,0.9996290690868951,Yes
5685-IIXLY,0.5132116179937442,Yes
1871-MOWRM,0.9828701466008932,Yes
2027-OAQQC,0.99938376031248,Yes
6595-YGXIT,0.9999779147451285,Yes
9835-ZIITK,0.9985677538433534,Yes
1555-DJEQW,0.9582159102880752,Yes
5649-TJHOV,0.9991989871150375,Yes
0519-XUZJU,0.9999412115402908,Yes
6338-AVWCY,0.513465686071804,Yes
1689-YQBYY,0.6307402403100435,Yes
9253-QXKBE,0.9998402115878052,Yes
9445-SZLCH,0.9999149191222613,Yes
7568-PODML,0.9997602761694016,Yes
5349-IECLD,0.9998572827582434,Yes
3797-VTIDR,0.9999522178191761,Yes
9526-BIHHD,0.9927319137888932,Yes
4523-WXCEF,0.9997919448353372,Yes
8364-TRMMK,0.9996463043651378,Yes
3063-QFSZL,0.9997135611227039,Yes
8775-LHDJH,0.9999850326983539,Yes
3097-NQYSN,0.9998593462550559,Yes
3565-UNOCC,0.9998482481833079,Yes
9249-FXSCK,0.9726782956239095,Yes
5493-SDRDQ,0.9934284311827078,Yes
0871-URUWO,0.9997813095972973,Yes
9190-MFJLN,0.9998105810811924,Yes
1095-JUDTC,0.9999093352012085,Yes
0870-VEMYL,0.9742602275444142,Yes
5385-SUIRI,0.9955705297898694,Yes
3982-XWFZQ,0.9997904198481945,Yes
4009-ALQFH,0.5069595118914834,Yes
7562-GSUHK,0.999567587703012,Yes
4903-UYAVB,0.9975473204359963,Yes
6776-TLWOI,0.9985094558925455,Yes
4077-CROMM,0.9996071810634941,Yes
2868-MZAGQ,0.9998696435682135,Yes
4847-QNOKA,0.9999355949992867,Yes
6379-RXJRQ,0.9999495365099397,Yes
8650-RHRKE,0.5773562989521495,Yes
0475-RIJEP,0.999523303652227,Yes
1260-TTRXI,0.9999281087452256,Yes
6328-ZPBGN,0.9999889587128923,Yes
4789-KWMXN,0.9774293091268564,Yes
2867-UIMSS,0.9998110390683882,Yes
5716-LIBJC,0.578854312158758,Yes
8111-RKSPX,0.9999829865380058,Yes
1585-MQSSU,0.9972040063615845,Yes
2856-NNASM,0.9995355262411117,Yes
8559-CIZFV,0.9912605183198232,Yes
7547-EKNFS,0.9994005303242592,Yes
6769-DYBQN,0.9914205330500058,Yes
4439-JMPMT,0.9995501632804334,Yes
2446-BEGGB,0.8263628180251817,Yes
1496-GGSUK,0.999772174501066,Yes
2575-GFSOE,0.999956279308307,Yes
3296-SILRA,0.9999548095635856,Yes
9681-OXGVC,0.803320021161455,Yes
5180-UCIIQ,0.9889391889397808,Yes
7153-OANIO,0.9997453762601373,Yes
6521-YYTYI,0.8153347725507951,Yes
8878-HMWBV,0.9996844596770709,Yes
7823-JSOAG,0.6287060198832435,Yes
3751-KTZEL,0.9996034700312613,Yes
1977-STDKI,0.9998818704197339,Yes
5813-UECBU,0.9999560036671109,Yes
0328-GRPMV,0.9998311476802374,Yes
4342-HENTK,0.9998878155898402,Yes
4195-SMMNX,0.9997537153650429,Yes
6956-SMUCM,0.9977346316349454,Yes
2985-FMWYF,0.6606008584836971,Yes
3223-WZWJM,0.9998175902994196,Yes
9053-JZFKV,0.9909943338001531,Yes
6615-ZGEDR,0.9997693984818078,Yes
9250-WYPLL,0.9999743471805376,Yes
2754-XBHTB,0.9999691934114835,Yes
1597-LHYNC,0.9978811384146415,Yes
7055-VKGDA,0.9518106390889923,Yes
0754-UKWQP,0.9999006882829663,Yes
7493-TPUWZ,0.9998848961802438,Yes
1577-HKTFG,0.9953916417471196,Yes
8752-STIVR,0.6400493880522408,Yes
4558-FANTW,0.9838777398966635,Yes
7623-TRNQN,0.9998556389788088,Yes
9330-IJWIO,0.9985162100559827,Yes
9286-DOJGF,0.9995885500503823,Yes
1842-EZJMK,0.9983882402335817,Yes
8079-XRJRS,0.9626644170932219,Yes
8884-ADFVN,0.9999327583597043,Yes
2720-WGKHP,0.9999563570382994,Yes
2869-ADAWR,0.9998803785261657,Yes
9894-EZEWG,0.9996622162744561,Yes
7851-FLGGQ,0.9994458725389268,Yes
0637-UBJRP,0.9937929691525186,Yes
0940-OUQEC,0.9998012375021313,Yes
0702-PGIBZ,0.9999860402953755,Yes
3058-HJCUY,0.9993641843285287,Yes
0807-ZABDG,0.9846657377243873,Yes
7739-LAXOG,0.9996629860425607,Yes
9776-CLUJA,0.9928115608531325,Yes
2079-FBMZK,0.9997013744989164,Yes
3551-HUAZH,0.999990741714306,Yes
6302-JGYRJ,0.998349625928872,Yes
3685-YLCMQ,0.9998611485191112,Yes
8634-MPHTR,0.9997379674695109,Yes
8761-NSOBC,0.9997501320465817,Yes
8413-VONUO,0.5439920757984767,Yes
9223-UCPVT,0.6606254138696805,Yes
4351-QLCSU,0.9994670519847348,Yes
5419-JPRRN,0.9999412877870145,Yes
0488-GSLFR,0.9998370258355239,Yes
9318-NKNFC,0.9990423769821548,Yes
9728-FTTVZ,0.6213954928546593,Yes
7254-IQWOZ,0.9998304691230169,Yes
2474-BRUCM,0.994185586564746,Yes
0742-NXBGR,0.9998155217551234,Yes
6110-OHIHY,0.9999658613605612,Yes
5889-LFOLL,0.9998910978602111,Yes
5708-EVONK,0.9834422350287605,Yes
8708-XPXHZ,0.9996052413240223,Yes
0616-ATFGB,0.9996879656130954,Yes
7016-BPGEU,0.9989976299670785,Yes
6876-ADESB,0.9995955106799346,Yes
1963-SVUCV,0.9999129770809105,Yes
0220-EBGCE,0.9998865740474675,Yes
2754-VDLTR,0.999978736923192,Yes
3190-XFANI,0.9998439289850999,Yes
7551-DACSP,0.9998556996373847,Yes
7235-NXZCP,0.9999848611548948,Yes
1444-VVSGW,0.9858404447994104,Yes
5712-PTIWW,0.9999631844999431,Yes
3315-TOTBP,0.9997510327439105,Yes
6661-HBGWL,0.9997981552102346,Yes
1518-VOWAV,0.994057252749788,Yes
5909-ECHUI,0.9996973473450512,Yes
1309-BXVOQ,0.9997143349842034,Yes
9317-WZPGV,0.7230847915541733,Yes
2856-HYAPG,0.9999650743788993,Yes
4488-PSYCG,0.9980336491620606,Yes
6339-YPSAH,0.6073480766079067,Yes
3621-CEOVK,0.9998797090097965,Yes
6906-ANDWJ,0.999958564533145,Yes
1031-IIDEO,0.606870599930074,Yes
5832-XKAES,0.9997199657922894,Yes
4701-AHWMW,0.9974298823677833,Yes
9210-IAHGH,0.9990877082618144,Yes
0023-XUOPT,0.9997481905830723,Yes
4592-IWTJI,0.9874541703151005,Yes
6518-LGAOV,0.9995008117534525,Yes
7242-QZLXF,0.9999652342648871,Yes
1000-AJSLD,0.9990154204398701,Yes
9696-RMYBA,0.5078826085063699,Yes
1062-LHZOD,0.9996422976061546,Yes
9600-NAXZN,0.9996261697940874,Yes
6457-USBER,0.6588327267294942,Yes
4662-EKDPQ,0.9996500879997439,Yes
9248-OJYKK,0.796636849741564,Yes
3398-FSHON,0.9999840453985694,Yes
3319-DWOEP,0.7065612026493461,Yes
9259-PACGQ,0.961188725347593,Yes
4415-IJZTP,0.9999062734839963,Yes
1465-VINDH,0.5856903887362029,Yes
2810-FTLEM,0.9986416704422885,Yes
1925-TIBLE,0.999831690816966,Yes
0818-OCPZO,0.5719517344282589,Yes
1447-GIQMR,0.9999638310911116,Yes
0872-NXJYS,0.9998315612844586,Yes
9412-ARGBX,0.9995954836919622,Yes
1389-CXMLU,0.999989033742997,Yes
5561-NWEVX,0.7041557293782933,Yes
4566-NECEV,0.6585479182596875,Yes
2737-WFVYW,0.9998415099231335,Yes
2272-QAGFO,0.729022197835193,Yes
9850-OWRHQ,0.9997433275675319,Yes
3768-NLUBH,0.9994319353734992,Yes
8676-TRMJS,0.9997756368055583,Yes
7359-SSBJK,0.8769633663050947,Yes
0685-MLYYM,0.999973700900478,Yes
8182-PNAGI,0.9983118587706962,Yes
7957-RYHQD,0.9882712293201874,Yes
2180-DXNEG,0.9998544662085697,Yes
5515-AKOAJ,0.9992158853086366,Yes
8976-OQHGT,0.9995229027195346,Yes
6230-BSUXY,0.999989928160811,Yes
1754-GKYPY,0.5030287790987964,Yes
5294-CDGWY,0.965174269910662,Yes
5295-PCJOO,0.9941026364321178,Yes
9863-JZAIC,0.9977286181622198,Yes
7660-HDPJV,0.9999759976117513,Yes
3990-QYKBE,0.9998017273618073,Yes
4919-MOAVT,0.9999610594087746,Yes
3090-HAWSU,0.9719354516356429,Yes
9820-RMCQV,0.9823612488111936,Yes
7839-QRKXN,0.9989752123601735,Yes
5204-QZXPU,0.9997085992540623,Yes
8450-JOVAH,0.9880171994373149,Yes
1113-IUJYX,0.9748656774606373,Yes
9274-CNFMO,0.9999767960323842,Yes
7758-XKCBS,0.9993335982076108,Yes
8992-JQYUN,0.9998104459035841,Yes
0617-AQNWT,0.9122886931057224,Yes
2446-PLQVO,0.9999738389558771,Yes
3005-NFMTA,0.9993838108194523,Yes
8784-CGILN,0.999752005567229,Yes
5389-FFVKB,0.9993642266271255,Yes
8444-WRIDW,0.9998046031290119,Yes
9451-LPGOO,0.9999848239279019,Yes
5868-YWPDW,0.99997327107641,Yes
2025-JKFWI,0.9997458988361265,Yes
4078-SAYYN,0.9999882559830949,Yes
9940-HPQPG,0.9947150306143429,Yes
6618-RYATB,0.9999818055182645,Yes
9079-YEXQJ,0.9988180486722436,Yes
2685-SREOM,0.9997931869278937,Yes
0402-CQAJN,0.5406656195351721,Yes
1273-MTETI,0.8663054399364373,Yes
5480-HPRRX,0.5306855498524577,Yes
0295-PPHDO,0.9999288474512634,Yes
1195-OIYEJ,0.9999715275751725,Yes
5906-CVLHP,0.9983509399674533,Yes
4501-EQDRN,0.9999553497548637,Yes
2990-HWIML,0.9998694804307605,Yes
7384-GHBPI,0.9999575976928472,Yes
7603-USHJS,0.5564875192297781,Yes
7234-FECYN,0.7865262004819218,Yes
5876-HZVZM,0.9706678275360611,Yes
1400-MMYXY,0.9999897750673385,Yes
1750-CSKKM,0.999371798951616,Yes
7142-HVGBG,0.9997632290707509,Yes
8267-ZNYVZ,0.9870439919696511,Yes
6457-GIRWB,0.999975734488998,Yes
5570-PTWEH,0.9999613633877696,Yes
6502-MJQAE,0.9998457931479259,Yes
7693-LCKZL,0.9997921874306832,Yes
0032-PGELS,0.9909420556604349,Yes
6797-LNAQX,0.9995435591567191,Yes
6394-MFYNG,0.9999332546036628,Yes
1564-NTYXF,0.9999902393704435,Yes
0886-QGENL,0.9965718660376026,Yes
8739-WWKDU,0.9998475508728254,Yes
8685-WHQPW,0.9998516996139502,Yes
4745-LSPLO,0.9997767151097424,Yes
8083-YTZES,0.9998938127353508,Yes
7240-FQLHE,0.9999452034829368,Yes
0786-VSSUD,0.9996199814488254,Yes
3585-ISXZP,0.6258781609738329,Yes
2108-XWMPY,0.9938194739765507,Yes
0093-XWZFY,0.9995925730116197,Yes
1980-KXVPM,0.9998869997610935,Yes
7703-ZEKEF,0.9999716657245915,Yes
0723-DRCLG,0.9999865777892925,Yes
5482-NUPNA,0.9809849059047453,Yes
1122-JWTJW,0.9996201300533516,Yes
8775-CEBBJ,0.9999185034481181,Yes
6894-LFHLY,0.9999321781341289,Yes
0639-TSIQW,0.9768420621344881,Yes
8361-LTMKD,0.9999764460436316,Yes
